{
  "checkpoint": "/home/alex/weld-defect-classification-RIAWELC-deeplify/outputs/models/finetune-ce-unfrozen/best.ckpt",
  "n_samples": 6101,
  "accuracy": 0.999508277331585,
  "per_class": {
    "CR": {
      "precision": 0.999475890985325,
      "recall": 0.999475890985325,
      "f1-score": 0.999475890985325,
      "support": 1908.0
    },
    "PO": {
      "precision": 0.9993670886075949,
      "recall": 0.9993670886075949,
      "f1-score": 0.9993670886075949,
      "support": 1580.0
    },
    "LP": {
      "precision": 0.9991023339317774,
      "recall": 1.0,
      "f1-score": 0.9995509654243376,
      "support": 1113.0
    },
    "ND": {
      "precision": 1.0,
      "recall": 0.9993333333333333,
      "f1-score": 0.9996665555185061,
      "support": 1500.0
    }
  },
  "macro_avg": {
    "precision": 0.9994863283811743,
    "recall": 0.9995440782315633,
    "f1-score": 0.9995151251339409
  }
}