{
  "biased": {
    "n_samples": 2443,
    "accuracy": 1.0,
    "macro_f1": 1.0,
    "per_class_recall": {
      "CR": 1.0,
      "PO": 1.0,
      "LP": 1.0,
      "ND": 1.0
    }
  },
  "honest": {
    "n_samples": 3134,
    "accuracy": 0.9993618379068283,
    "macro_f1": 0.9993310625357781,
    "per_class_recall": {
      "CR": 1.0,
      "PO": 1.0,
      "LP": 1.0,
      "ND": 0.9978448275862069
    }
  }
}